frecuencia,mod_comp_corriente,fase_comp_corriente,mod_comp_tension,fase_comp_tension,mod_sin_comp_corriente,fase_sin_comp_corriente,mod_sin_comp_tension,fase_sin_comp_tension
1.0,19.9778617750688,-0.053862533402484,47.6978863487459,179.636770020574,19.9778617750667,-0.0538625728035079,47.6980540368694,179.988657018618
1.0471285480509,19.9778614047772,-0.0564010051899664,47.6978701442926,179.619436452581,19.9778614047749,-0.0564010464479036,47.6980540116241,179.987906910461
1.09647819614319,19.9778609987606,-0.0590591107616395,47.69785237707,179.601295747775,19.9778609987581,-0.0590591539640033,47.6980539846355,179.987131151244
1.14815362149688,19.9778605535722,-0.0618424882699256,47.6978328968071,179.582309440523,19.9778605535695,-0.0618425335083543,47.6980539557291,179.986328095478
1.20226443461741,19.977860065433,-0.0647570415790252,47.6978115376502,179.562437273567,19.97786006543,-0.0647570889494752,47.6980539246613,179.985496039776
1.25892541179417,19.977859530199,-0.0678089527867945,47.6977881185332,179.54163711284,19.9778595301958,-0.0678090023897453,47.6980538911685,179.984633219236
1.31825673855641,19.9778589433267,-0.0710046953366513,47.6977624407393,179.519864858473,19.9778589433231,-0.0710047472773171,47.6980538549671,179.983737803701
1.38038426460289,19.9778582998341,-0.0743510477472859,47.6977342863359,179.497074351633,19.9778582998302,-0.0743511021358399,47.6980538156901,179.982807893876
1.44543977074593,19.9778575942586,-0.0778551079892861,47.697703416115,179.473217277061,19.9778575942543,-0.0778551649410938,47.6980537731192,179.981841517299
1.51356124843621,19.9778568206106,-0.081524308539134,47.6976695681517,179.448243061067,19.9778568206059,-0.0815243681749977,47.6980537267816,179.980836624156
1.58489319246111,19.9778559723226,-0.0853664321424762,47.6976324553589,179.422098764845,19.9778559723174,-0.0853664945888914,47.6980536763953,179.979791082937
1.65958690743756,19.9778550421934,-0.0893896283200631,47.6975917627357,179.394728972868,19.9778550421878,-0.0893896937094876,47.6980536214194,179.97870267591
1.73780082874938,19.9778540223273,-0.0936024306513292,47.6975471448822,179.366075676101,19.9778540223212,-0.0936024991224628,47.6980535615044,179.977569094421
1.81970085860999,19.9778529040667,-0.0980137748722165,47.6974982232544,179.336078149819,19.9778529040599,-0.0980138465702954,47.6980534960232,179.976387933992
1.90546071796325,19.9778516779186,-0.102633017825578,47.697444582418,179.304672825849,19.9778516779112,-0.102633092902683,47.6980534245378,179.975156689228
1.99526231496888,19.9778503334744,-0.107469957304286,47.6973857676278,179.271793158811,19.9778503334662,-0.107470035919666,47.6980533463845,179.973872748497
2.08929613085404,19.9778488593211,-0.112534852829064,47.6973212795684,179.237369486396,19.9778488593121,-0.112534935149473,47.6980532608978,179.972533388391
2.18776162394956,19.9778472429446,-0.11783844740502,47.6972505708987,179.20132888308,19.9778472429348,-0.117838533605072,47.6980531672944,179.971135767953
2.29086765276778,19.9778454706238,-0.123391990302939,47.6971730420484,179.16359500714,19.9778454706131,-0.123392080565474,47.698053064897,179.969676922648
2.39883291901949,19.9778435273136,-0.129207260913519,47.6970880350774,179.12408794083,19.9778435273018,-0.129207355429997,47.6980529527207,179.968153758075
2.51188643150958,19.9778413965172,-0.135296593725047,47.6969948288892,179.082724023107,19.9778413965043,-0.135296692695951,47.6980528298138,179.966563043404
2.63026799189539,19.9778390601467,-0.141672904477322,47.6968926325927,179.039415674869,19.9778390601325,-0.141673008112581,47.6980526952478,179.964901404523
2.75422870333817,19.9778364983688,-0.148349717547118,47.6967805795402,178.994071216158,19.9778364983533,-0.148349826066558,47.6980525478252,179.963165316882
2.88403150312661,19.977833689437,-0.155341194623108,47.6966577194054,178.946594675244,19.9778336894199,-0.155341308256912,47.6980523862349,179.961351098017
3.01995172040202,19.9778306095065,-0.162662164730796,47.6965230097506,178.896885589115,19.9778306094878,-0.162662283719996,47.6980522093966,179.959454899737
3.16227766016839,19.9778272324324,-0.170328155670914,47.6963753086255,178.844838794811,19.9778272324119,-0.170328280267904,47.6980520152885,179.957472699966
3.31131121482592,19.9778235295474,-0.178355426937652,47.6962133633336,178.790344211833,19.9778235295248,-0.178355557406719,47.6980518026093,179.955400294205
3.46736850452532,19.9778194694182,-0.186761004186184,47.6960358010521,178.733286614558,19.9778194693935,-0.18676114080407,47.6980515695569,179.953233286623
3.63078054770102,19.9778150175795,-0.195562715322216,47.6958411159924,178.673545394951,19.9778150175525,-0.195562858378706,47.6980513140368,179.950967080725
3.80189396320562,19.9778101362407,-0.204779228289635,47.6956276583779,178.610994314493,19.977810136211,-0.204779378088173,47.698051033938,179.948596869608
3.98107170553498,19.9778047839654,-0.214430090635883,47.6953936187814,178.54550124582,19.9778047839329,-0.214430247494211,47.6980507268833,179.946117625761
4.16869383470336,19.9777989153198,-0.224535770938369,47.6951370138242,178.476927902853,19.9777989152842,-0.224535935189205,47.6980503902112,179.943524090407
4.36515832240167,19.9777924804871,-0.235117702179101,47.6948556697363,178.405129559488,19.977792480448,-0.235117874170842,47.6980500212342,179.940810762344
4.57088189614876,19.9777854248442,-0.246198327158719,47.6945472028625,178.32995475667,19.9777854248013,-0.246198507256186,47.6980496165968,179.937971886279
4.7863009232264,19.9777776884988,-0.257801146045372,47.6942090009149,178.251244996795,19.9777776884518,-0.257801334630576,47.6980491729161,179.93500144062
5.01187233627274,19.9777692057806,-0.269950766158194,47.6938382002022,178.168834425906,19.977769205729,-0.269950963631148,47.6980486865488,179.931893124705
5.24807460249774,19.9777599046841,-0.282672954089794,47.6934316614744,178.082549502849,19.9777599046275,-0.282673160869366,47.6980481532482,179.928640345441
5.49540873857626,19.9777497062574,-0.295994690276923,47.6929859443366,177.992208655035,19.9777497061954,-0.295994906801725,47.6980475686044,179.925236203314
5.75439937337159,19.9777385239325,-0.309944226133468,47.6924972778468,177.897621920961,19.9777385238645,-0.309944452862777,47.6980469273724,179.921673477762
6.02559586074359,19.9777262627901,-0.324551143865093,47.6919615287369,177.798590578941,19.9777262627156,-0.324551381279833,47.6980462245665,179.917944611856
6.30957344480195,19.9777128187547,-0.339846419090341,47.691374167312,177.69490676175,19.9777128186729,-0.339846667694101,47.6980454538798,179.914041696277
6.60693448007598,19.9776980777107,-0.355862486398561,47.690730229699,177.586353057273,19.9776980776211,-0.355862746718668,47.6980446088318,179.909956452536
6.91830970918939,19.977681914535,-0.37263330798099,47.6900242755798,177.472702095276,19.9776819144367,-0.372633580569616,47.6980436821913,179.90568021542
7.24435960074992,19.9776641920343,-0.390194445477279,47.689250343907,177.353716119576,19.9776641919265,-0.390194730912628,47.6980426663844,179.901203914615
7.58577575029186,19.9776447597819,-0.408583135186322,47.688401902787,177.229146546613,19.9776447596637,-0.408583434073839,47.6980415524457,179.896518055468
7.94328234724284,19.9776234528408,-0.427838366796586,47.687471795865,177.098733509934,19.9776234527112,-0.427838679770258,47.6980403309805,179.891612698849
8.31763771102674,19.9776000903645,-0.448000965798211,47.6864521823824,176.96220539165,19.9776000902224,-0.448001293521901,47.6980389918537,179.886477440079
8.70963589956084,19.9775744740632,-0.469113679746084,47.685334473204,176.819278340571,19.9775744739073,-0.469114022914938,47.6980375234159,179.881101386859
9.12010839355913,19.9775463865209,-0.491221268550492,47.6841092591931,176.669655778739,19.97754638635,-0.491221627892425,47.6980359133769,179.875473136172
9.54992586021439,19.977515589352,-0.514370598979629,47.6827662354127,176.51302789594,19.9775155891647,-0.51437097525686,47.6980341480766,179.869580750104
10.0,19.9774818211789,-0.538610743565942,47.6812941153859,176.349071135231,19.9774818209734,-0.538611137576607,47.6980322123064,179.863411730531
10.471285480509,19.9774447954151,-0.5639930841165,47.67968054024,176.177447669024,19.9774447951898,-0.563993496696362,47.6980300899234,179.856952992607
10.9647819614319,19.9774041978351,-0.590571420035954,47.6779119779395,175.997804869101,19.9774041975882,-0.590571852060157,47.69802776275,179.850190837031
11.4815362149689,19.9773596839102,-0.618402081679052,47.6759736137539,175.809774772131,19.9773596836393,-0.61840253406398,47.6980252110354,179.843110920989
12.0226443461742,19.9773108758863,-0.647544048958632,47.6738492318494,175.612973543064,19.9773108755894,-0.647544522663878,47.698022413131,179.835698227751
12.5892541179417,19.977257359583,-0.678059075444039,47.6715210851663,175.407000940526,19.9772573592573,-0.678059571474396,47.6980193451777,179.827937034826
13.1825673855641,19.977198680881,-0.710011818193753,47.668969754291,175.191439787389,19.977198680524,-0.71001233760139,47.6980159814885,179.81981088063
13.8038426460289,19.9771343418751,-0.743469973575891,47.6661739942251,174.965855451061,19.9771343414836,-0.743470517462558,47.6980122931778,179.811302529591
14.4543977074593,19.9770637966534,-0.778504419339135,47.6631105677649,174.72979533896,19.9770637962242,-0.778504988858507,47.6980082489468,179.802393935605
15.1356124843621,19.976986446673,-0.815189363206519,47.6597540647569,174.482788415214,19.9769864462024,-0.815189959566642,47.6980038146531,179.793066203784
15.8489319246112,19.9769016356895,-0.853602498273911,47.656076706335,174.224344745615,19.9769016351735,-0.853603122739771,47.6979989524989,179.783299550407
16.5958690743757,19.9768086441988,-0.893825165504579,47.652048132513,173.953955079475,19.976808643633,-0.893825819400781,47.6979936213399,179.773073260984
17.3780082874938,19.9767066833454,-0.935942523620578,47.6476351726101,173.671090477581,19.976706682725,-0.935943208334158,47.6979877758826,179.762365646356
18.1970085860999,19.9765948882441,-0.98004372670099,47.6428015973476,173.375201997213,19.9765948875637,-0.980044443684344,47.6979813664423,179.751153996732
19.0546071796326,19.9764723106605,-1.02622210980582,47.637507852551,173.06572044591,19.9764723099146,-1.02622286057983,47.6979743385744,179.739414533562
19.9526231496889,19.9763379109892,-1.07457538295314,47.6317107707203,172.74205622013,19.9763379101713,-1.07457616911033,47.6979666328485,179.727122359157
20.8929613085405,19.9761905494604,-1.12520583378449,47.625363262452,172.403599242793,19.9761905485636,-1.12520665699246,47.6979581835918,179.714251403945
21.8776162394956,19.976028976504,-1.17822053926131,47.6184139858264,172.049719018459,19.9760289755206,-1.17822140126628,47.6979489191685,179.700774371236
22.9086765276778,19.9758518221888,-1.2337315867412,47.6108069917521,171.67976482763,19.9758518211105,-1.23373248937167,47.6979387609697,179.686662679413
23.988329190195,19.9756575846504,-1.29185630478776,47.6024813473957,171.293066080718,19.975657583468,-1.2918572499584,47.6979276227478,179.671886401398
25.1188643150959,19.975444617409,-1.35271750407184,47.5933707346498,170.888932859351,19.9754446161125,-1.35271849378758,47.697915409994,179.656414201285
26.302679918954,19.9752111154751,-1.41644372872383,47.5834030254174,170.466656671607,19.9752111140535,-1.41644476508411,47.6979020190845,179.640213267992
27.5422870333818,19.9749551001247,-1.48316951849658,47.5724998332997,170.02551145278,19.9749550985658,-1.48317060369978,47.697887336085,179.623249245817
28.8403150312662,19.9746744022203,-1.55303568209585,47.560576042759,169.564754845346,19.974674400511,-1.55303681844399,47.6978712367585,179.605486161719
30.1995172040203,19.9743666439394,-1.62618958203003,47.5475393168335,169.08362979526,19.9743666420651,-1.62619077193361,47.6978535840807,179.586886349217
31.622776601684,19.9740292187595,-1.7027854313213,47.5332895866034,168.581366502871,19.9740292167043,-1.70278667730445,47.69783422856,179.567410368698
33.1131121482593,19.9736592695367,-1.78298460240766,47.5177185230067,168.057184773525,19.973659267283,-1.78298590711351,47.6978130055789,179.547016924026
34.6736850452534,19.9732536644979,-1.86695594854712,47.5007089990646,167.510296807037,19.9732536620267,-1.86695731474336,47.6977897352745,179.525662775219
36.3078054770103,19.9728089709518,-1.9548761380112,47.4821345406756,166.939910481379,19.972808968242,-1.954877568596,47.6977642199318,179.503302647073
38.0189396320563,19.9723214265046,-2.04693000132519,47.4618587807309,166.345233166735,19.9723214235332,-2.04693149933333,47.6977362432787,179.479889133497
39.81071705535,19.9717869075491,-2.14331089177367,47.439734916025,165.725476128832,19.9717869042907,-2.14331246038298,47.6977055676502,179.455372597401
41.6869383470338,19.9712008947731,-2.24422105934312,47.4156051833054,165.079859558047,19.9712008912,-2.24422270188125,47.6976719327439,179.429701065903
43.6515832240169,19.9705584354133,-2.34987203821575,47.3893003611421,164.407618274316,19.9705584314951,-2.34987375816718,47.6976350529067,179.402820120663
45.7088189614878,19.9698541019527,-2.46048504785858,47.3606393107154,163.708008147513,19.9698540976561,-2.46048684887211,47.6975946155339,179.374672783103
47.8630092322641,19.9690819469383,-2.5762914076689,47.3294285744146,162.98031325862,19.9690819422265,-2.57629329356528,47.6975502772451,179.345199394319
50.1187233627275,19.9682354535633,-2.69753296503647,47.2954620456618,162.223853830127,19.9682354483964,-2.69753493981666,47.6975016617006,179.314337489392
52.4807460249776,19.9673074816326,-2.82446253656617,47.2585207297873,161.437994934266,19.9673074759663,-2.82446460441964,47.6974483565129,179.282021665887
54.9540873857628,19.9662902084932,-2.95734436206347,47.2183726208004,160.622155964153,19.9662902022794,-2.95734652737727,47.6973899090225,179.248183446277
57.5439937337161,19.9651750644828,-3.09645457072387,47.1747727124989,159.775820848577,19.9651750576684,-3.09645683809187,47.6973258239086,179.212751133985
60.2559586074362,19.9639526624081,-3.24208165877409,47.1274631723911,158.898548949178,19.9639526549349,-3.24208403300672,47.6972555568591,179.175649662842
63.0957344480197,19.9626127205301,-3.39452697759131,47.0761737023379,157.989986560579,19.9626127123343,-3.39452946372581,47.6971785119249,179.136800439561
66.06934480076,19.9611439784905,-3.55410523106736,47.0206221144953,157.049878890601,19.961143969502,-3.55410783437839,47.6970940355048,179.096121179032
69.1830970918941,19.9595341055731,-3.72114498068482,46.9605151442449,156.078082375851,19.9595340957151,-3.72114770669581,47.6970014105889,179.053525732065
72.4435960074995,19.9577696006489,-3.89598915642699,46.8955495287432,155.074577126215,19.957769589837,-3.89599201092169,47.6968998517368,179.008923905249
75.8577575029189,19.9558356831074,-4.07899557124369,46.8254133701247,154.039479265868,19.9558356712492,-4.0789985602786,47.6967884974129,178.962221272667
79.4328234724287,19.9537161740334,-4.27053743633931,46.7497877989031,152.97305289505,19.9537161610269,-4.27054056625629,47.6966664032357,178.913318979039
83.1763771102677,19.9513933668355,-4.47100387402347,46.6683489519399,151.875721341762,19.9513933525693,-4.47100715146341,47.6965325333571,178.86211353401
87.0963589956087,19.9488478864943,-4.68080042426902,46.5807702645303,150.74807735794,19.948847870846,-4.68080385618582,47.6963857526571,178.808496597146
91.2010839355916,19.9460585365436,-4.9003495404383,46.4867250715126,149.590891872975,19.9460585193788,-4.90035313411355,47.6962248164581,178.752354753366
95.4992586021443,19.9430021328603,-5.13009106886575,46.3858895007263,148.405120901458,19.9430021140311,-5.13009483192413,47.6960483602461,178.693569278349
100.000000000001,19.9396533232959,-5.37048270610855,46.2779456273113,147.191910208702,19.9396533026401,-5.37048664653398,47.6958548882779,178.632015893564
104.712854805091,19.9359843921497,-5.62200042668718,46.1625848473363,145.952597341964,19.9359843694891,-5.62200455283953,47.6956427601393,178.567564510575
109.647819614319,19.9319650484533,-5.88513887302381,46.0395114129073,144.688710680913,19.9319650235921,-5.88514319365663,47.6954101781239,178.500078964108
114.815362149689,19.9275621970223,-6.1604116980392,45.9084460610862,143.401965206127,19.9275621697454,-6.16041622231794,47.6951551710873,178.429416733648
120.226443461742,19.922739691223,-6.44835184947259,45.7691296542491,142.094254774908,19.922739661294,-6.44835658699391,47.6948755787132,178.355428653019
125.892541179418,19.9174580664174,-6.74951178344013,45.6213267435303,140.767640778738,19.9174580335763,-6.74951674425162,47.6945690322938,178.277958607698
131.825673855642,19.911674253079,-7.06446359302819,45.4648289563399,139.424337193308,19.9116742170399,-7.06446878764962,47.6942329353794,178.196843219347
138.03842646029,19.9053412686365,-7.39379903583203,45.2994581137104,138.066692126777,19.9053412290853,-7.39380447527668,47.6938644422485,178.111911517268
144.543977074594,19.8984078871888,-7.73812944227688,45.1250689759638,136.697166153535,19.8984078437798,-7.73813513807432,47.6934604333601,178.022984596436
151.356124843622,19.8908182863686,-8.09808548431611,44.9415515319991,135.318307804139,19.8908182387213,-8.0980914485354,47.6930174891014,177.929875261745
158.489319246113,19.8825116708068,-8.47431678167365,44.7488327530178,133.932726735178,19.8825116185027,-8.47432302694783,47.6925318620814,177.83238765809
165.958690743757,19.8734218718879,-8.86749132021419,44.5468777490454,132.543065201328,19.873421814466,-8.86749785976516,47.6919994447135,177.730316886198
173.780082874939,19.8634769237788,-9.27829465428842,44.3356902869817,131.151968525672,19.8634768607318,-9.27830150195306,47.6914157352127,177.623448603791
181.970085861,19.8525986160996,-9.70742886205857,44.1153126511587,129.762055310034,19.8525985468684,-9.70743603231501,47.6907757998328,177.511558612014
190.546071796326,19.8407020240609,-10.1556112198911,43.8858248500827,128.37588814219,19.8407019480297,-10.1556187278862,47.6900742324484,177.394412426936
199.52623149689,19.8276950174723,-10.6235725589885,43.6473431959083,126.995945535185,19.827694933962,-10.6235804205652,47.6893051083559,177.271764836256
208.929613085406,19.8134777507004,-11.1120552645872,43.400018305274,125.624595770943,19.8134776589627,-11.1120634963131,47.6884619361697,177.143359441047
218.776162394957,19.7979421364816,-11.6218108754005,43.1440325886765,124.264073232185,19.7979420356911,-11.6218194945958,47.6875376030105,177.008928182969
229.086765276779,19.780971307442,-12.1535972386575,42.8795973094244,122.91645770197,19.7809711966878,-12.1536062634225,47.6865243164922,176.868190857031
239.883291901951,19.7624390702999,-12.7081751742632,42.6069493044143,121.583656974692,19.762438948577,-12.7081846235063,47.6854135397421,176.720854610587
251.18864315096,19.742209359001,-13.2863046004918,42.3263474634719,120.267392996344,19.7422092252001,-13.2863144939562,47.6841959215052,176.566613429059
263.02679918954,19.7201356944899,-13.8887400734714,42.0380690653393,118.969191611367,19.7201355473859,-13.8887504317597,47.6828612192803,176.405147609369
275.422870333819,19.6960606604413,-14.5162256938138,41.7424060634105,117.690375882582,19.6960604986811,-14.5162365384108,47.6813982158491,176.236123222124
288.403150312663,19.6698154060664,-15.169489336448,41.4396614095028,116.432062814487,19.6698152281556,-15.169500689741,47.679794626523,176.05919156419
301.995172040204,19.6412191890454,-15.8492361643771,41.1301454906871,115.19516324849,19.6412189933328,-15.8492480496716,47.678037001803,175.873988602888
316.227766016841,19.6100789736897,-16.5561413941328,40.8141727440282,113.980384610255,19.6100787583507,-16.5561538356629,47.6761106163571,175.680134414762
331.131121482594,19.57618910157,-17.2908422905689,40.4920585005587,112.788236141316,19.576188864589,-17.2908553135022,47.6739993517523,175.477232620746
346.736850452535,19.5393310539817,-18.053929381766,40.1641160960015,111.619036224723,19.5393307931314,-18.0539430121984,47.6716855673315,175.26486982129
363.078054770105,19.4992733276764,-18.8459369015965,39.8306542729173,110.472921405099,19.499273040497,-18.845951166539,47.6691499599739,175.042615034994
380.189396320565,19.4557714471648,-19.6673324883273,39.4919748872867,109.349856706678,19.4557711309397,-19.6673474156783,47.6663714109382,174.810019145227
398.107170553501,19.4085681384359,-20.5185061927005,39.1483709215176,108.249646880935,19.4085677901671,-20.5185218112048,47.6633268205572,174.566614359653
416.869383470339,19.3573936900027,-21.3997588783811,38.800124797538,107.171948237587,19.357393306383,-21.3997752175697,47.6599909286933,174.311913688787
436.51583224017,19.3019665275631,-22.3112901313094,38.4475069752109,106.116280769884,19.3019661049479,-22.3113072214191,47.6563361188917,174.045410450686
457.088189614879,19.2419940280793,-23.2531858319543,38.0907748181006,105.082040290408,19.2419935624557,-23.2532037038227,47.6523322080954,173.766577809456
478.630092322643,19.1771735974881,-24.2254055849185,37.7301717015119,104.068510387599,19.1771730844435,-24.2254242698499,47.647946217328,173.474868357354
501.187233627277,19.1071940333697,-25.2277702425893,37.3659263383682,103.074874007099,19.1071934680594,-25.2277897721893,47.6431421257972,173.169713750656
524.807460249778,19.0317371895228,-26.2599498018886,36.9982522953715,102.100224530096,19.0317365666365,-26.2599702078612,47.6378806039812,172.850524411999
549.54087385763,18.9504799533673,-27.3214519934466,36.6273476719001,101.143576259926,18.9504792670973,-27.3214733073526,47.6321187279803,172.516689312574
575.439937337163,18.8630965393631,-28.4116119181036,36.2533949156776,100.203874238775,18.8630957833721,-28.4116341710745,47.6258096713584,172.167575850399
602.559586074364,18.7692610921768,-29.529583113458,35.8765607489927,99.2800033782703,18.7692602595689,-29.5296063358626,47.6189023756883,171.802529842121
630.9573444802,18.6686505823253,-30.6743304499913,35.496996182755,98.3707968736926,18.6686496656198,-30.674354671053,47.6113411972069,171.420875648732
660.693448007603,18.5609479647178,-31.8446252587547,35.114836595497,97.4750439382469,18.5609469558279,-31.8446505061195,47.6030655303233,171.021916457398
691.830970918944,18.4458455573774,-33.0390430776672,34.7302018586796,96.5914968675417,18.4458444475949,-33.0390693769194,47.5940094083976,170.604934744223
724.435960074998,18.3230485842229,-34.2559643686096,34.3431964905054,95.718877485622,18.3230473642112,-34.2559917427409,47.5841010782035,170.169192946423
758.577575029192,18.192278812893,-35.4935785011979,33.9539098230195,94.8558830305798,18.1922774726893,-35.4936069700329,47.5732625538064,169.713934373282
794.32823472429,18.0532782070311,-36.7498912210696,33.5624161697467,94.001191538663,18.0532767360603,-36.7499208006521,47.5614091444243,169.238384390747
831.76377110268,17.9058125031339,-38.022735722063,33.1687749829931,93.1534667964732,17.9058108902353,-38.0227664240162,47.5484489635096,168.741751914631
870.96358995609,17.749674615879,-39.3097873258858,32.773030991931,92.3113629383398,17.7496728493484,-39.3098191567575,47.5342824168106,168.22323125266
912.01083935592,17.5846877735594,-40.6085816446136,32.3752143145575,91.4735287661485,17.5846858412061,-40.6086146052193,47.5188016737125,167.682004336881
954.992586021446,17.410708287448,-41.9165359670978,31.9753405384384,90.638611875272,17.41070617667,-41.9165700518835,47.5018901267742,167.117243390285
1000.00000000001,17.2276278658986,-43.2309734778046,31.5734107671561,89.8052626595858,17.2276255637744,-43.231008674247,47.4834218425427,166.528114074213
1047.12854805091,17.0353753957164,-44.5491497940549,31.169411630525,88.972138291697,17.0353728891143,-44.5491860821219,47.4632610091645,165.913779164027
1096.4781961432,16.8339181294028,-45.868281203344,30.7633152589926,88.1379067501396,16.8339154051068,-45.8683185550369,47.4412613916345,165.273402799474
1148.1536214969,16.6232622365253,-47.1855739037825,30.3550792238388,87.3012509847262,16.6232592813759,-47.1856122827839,47.4172658007523,164.606155357155
1202.26443461743,16.4034526996002,-48.4982535034563,29.9446464467946,86.4608732965706,16.4034495006478,-48.4982928649062,47.3911055876385,163.911218988742
1258.92541179418,16.1745725582022,-49.8035940222188,29.5319450843257,85.6155000168013,16.1745691028699,-49.803634312635,47.3626001763979,163.187793864463
1318.25673855642,15.9367415281166,-51.0989456630053,29.1168883936948,84.7638865613804,15.936737804369,-51.0989868203656,47.3315566513014,162.435105153788
1380.3842646029,15.6901140438299,-52.3817606774467,28.6993745899193,83.9048229363665,15.6901100403432,-52.3818026314422,47.2977694137781,161.652410766857
1445.43977074594,15.4348767912723,-53.6496167380347,28.2792867047011,83.0371397625645,15.4348724976014,-53.6496594105011,47.2610199277496,160.839009867023
1513.56124843623,15.1712458124888,-54.900237340017,27.8564924604984,82.1597148852684,15.1712412192259,-54.9002806455373,47.2210765786018,159.994252146235
1584.89319246113,14.8994632741652,-56.1315088828237,27.4308441752295,81.2714806210893,14.8994583730855,-56.1315527294999,47.1776946621431,159.11754783932
1659.58690743758,14.619793997391,-57.3414942148283,27.0021787151993,80.3714316871501,14.6197887815808,-57.3415385052005,47.130616535211,158.208378422307
1737.8008287494,14.3325218467697,-58.5284425583665,26.5703175161755,79.4586338414919,14.3325163107321,-58.5284871904625,47.0795719496036,157.266307915807
1819.70085861001,14.0379460733884,-59.6907958568887,26.1350666946861,78.5322332455141,14.037940213125,-59.6908407253734,47.0242785949609,156.290994679739
1905.46071796327,13.7363776988941,-60.827191696854,25.696217273585,77.5914665399851,13.736371511958,-60.8272366942505,46.964442880451,155.282203545913
1995.2623149689,13.4281360177942,-61.9364630492163,25.2535455475932,76.6356716014471,13.4281295033146,-61.9365080671609,46.8997609748419,154.239818099363
2089.29613085406,13.1135452830198,-63.0176351465776,24.8068136158803,75.6642989104018,13.1135384416971,-63.0176800770776,46.829920129044,153.163852873364
2187.76162394958,12.7929316266423,-64.0699198615005,24.355770109192,74.6769234390688,12.7929244607148,-64.0699645981585,46.754600299222,152.054465181323
2290.8676527678,12.4666202542439,-65.0927079798091,23.9001511390295,73.6732569185663,12.4666127674274,-65.092752418982,46.6734760777099,150.911966271412
2398.83291901952,12.134932938506,-66.0855597718259,23.4396814949964,72.6531603114764,12.1349251359099,-66.0856038136896,46.5862189398143,149.736831448571
2511.88643150961,11.7981858256506,-67.0481942571459,22.974076114047,71.6166562714384,11.798177713673,-67.0482378066462,46.4924998005976,148.529708782533
2630.26799189541,11.456687557825,-67.9804775378918,22.5030418413858,70.5639413264396,11.4566791440311,-67.9805205055591,46.391991859171,147.291426007079
2754.2287033382,11.1107377056108,-68.8824105447716,22.0262794973878,69.4953974801041,11.1107289985991,-68.8824528473903,46.284373712174,146.022995200383
2884.03150312664,10.7606254976405,-69.7541165028847,21.5434862575074,68.4116028920291,10.7606165069,-69.754158064012,46.1693326832147,144.725614865347
3019.95172040205,10.4066288288173,-70.595828383029,21.0543583433779,67.3133412597882,10.4066195645814,-70.5958691333606,46.0465683200763,143.400669048957
3162.27766016842,10.0490135247444,-71.4078765617194,20.5585940126799,66.2016095085171,10.0490039978443,-71.4079164393095,45.9157959931302,142.049723197511
3311.31121482595,9.68803283751648,-72.1906768713051,20.0558968233705,65.0776233860898,9.68802305923767,-72.1907158216482,45.7767505043907,140.674516531474
3467.36850452536,9.3239271468094,-72.9447191819421,19.5459791350335,63.9428205668683,9.32391712875442,-72.9447571579301,45.6291896317587,139.276950800462
3630.78054770106,8.95692384001435,-73.6705566208753,19.0285657966165,62.7988608996534,8.95691359397409,-73.6705935826431,45.4728975002917,137.859075415101
3801.89396320566,8.58723734578096,-74.3687955021191,18.5033979567652,61.6476234795103,8.58722688361638,-74.3688314167962,45.3076876882899,136.423069064731
3981.07170553503,8.21506929656693,-75.0400860115791,17.9702369208567,60.4912002970465,8.2150586301024,-75.0401208529644,45.1334059719234,134.971218068605
4168.69383470341,7.84060879745655,-75.6851136689402,17.4288679687533,59.3318863085017,7.84059793838547,-75.6851474171136,44.9499326110082,133.505891848848
4365.15832240172,7.46403278045515,-76.3045915681437,16.8791040400533,58.1721658812981,7.46402174025835,-76.3046242090338,44.7571841062629,132.029516021961
4570.88189614881,7.08550642556097,-76.8992533826908,16.320789190091,57.0146956909821,7.08549521543756,-76.8992849076114,44.5551143577912,130.54454372705
4786.30092322645,6.70518363205883,-77.4698471099606,15.7538017206104,55.8622842818478,6.70517226286924,-77.4698775151292,44.3437151827284,129.053425882015
5011.87233627279,6.32320752559099,-78.0171295198006,15.1780568946734,54.7178686315554,6.32319600781139,-78.0171588058512,44.12301617332,127.55858110732
5248.0746024978,5.93971098858255,-78.5418612664001,14.5935091554703,53.5844881893483,5.9396993322699,-78.5418894378985,43.8930838892206,126.062366083524
5495.40873857632,5.55481720349082,-79.0448026184509,14.0001537836119,52.4652569631464,5.55480541825756,-79.0448296834223,43.6540204173901,124.567047071364
5754.39937337165,5.16864020008542,-79.5267097604541,13.3980279460055,51.3633343198665,5.16862829508274,-79.5267357299275,43.4059613372304,123.074773286583
6025.59586074366,4.78128539953468,-79.9883316173566,12.7872111108739,50.2818952159061,4.78127338344337,-79.9883565049321,43.149073162895,121.587552720474
6309.57344480202,4.39285014947035,-80.4304071551924,12.1678248265215,49.2241005985978,4.39283803049815,-80.4304309766341,42.8835503359957,120.107230903339
6606.93448007605,4.00342424542857,-80.8536631117676,11.5400318846247,48.1930687031983,4.00341203131309,-80.8536858846245,42.6096118648189,118.635472969368
6918.30970918946,3.61309043512909,-81.2588121134324,10.9040349108246,47.1918479201901,3.61307813314532,-81.2588338566886,42.3274977025934,117.173749258964
7244.35960075,3.2219249029662,-81.6465511364296,10.2600744448179,46.2233918279732,3.22191251993781,-81.646571870184,42.0374649625877,115.723324557327
7585.77575029195,2.82999773285757,-82.0175602740344,9.60842658788461,45.2905368767341,2.82998527517119,-82.01758001921,41.7397840664439,114.28525094074
7943.28234724293,2.43737334824394,-82.3725017735749,8.94940030724077,44.3959830851719,2.43736082186578,-82.3725205516559,41.4347349085597,112.860364098973
8317.63771102683,2.04411092856768,-82.7120193103489,8.28333449304463,43.5422779767419,2.04409833906188,-82.7120371431459,41.1226031174402,111.44928289991
8709.63589956093,1.65026480199496,-83.0367374683532,7.61059486568309,42.7318038431217,1.6502521545431,-83.0367543777939,40.8036764762848,110.052411899
9120.10839355923,1.25588481449729,-83.3472614005511,6.93157082787708,41.9667682932125,1.25587211391871,-83.3472774084947,40.4782415553758,108.669946442556
9549.9258602145,0.861016675685804,-83.6441766440978,6.24667234941887,41.2491979269203,0.861003926458381,-83.6441917721724,40.1465805962576,107.301879984363
10000.0000000001,0.465702282006449,-83.9280490684773,5.5563269619842,40.5809348715726,0.465689488287358,-83.9280633379368,39.8089686705339,105.94801323202
10471.2854805092,0.0699800180656733,-84.199424936874,4.86097692902047,39.9636358393246,0.0699671837121204,-84.1994383684747,39.4656711298162,104.607964740163
10964.781961432,-0.326114963026035,-84.4588310632934,4.16107664156657,39.3987733058773,-0.326127834436497,-84.4588436771865,39.1169413473494,103.281182596959
11481.536214969,-0.722550479325223,-84.7067750499561,3.45709027623487,38.8876383748949,-0.722563384474806,-84.7067868655961,38.7630187477544,101.966956876108
12022.6443461743,-1.11929707872281,-84.9437455913265,2.74948973687465,38.4313448778344,-1.11931001453423,-84.9437566273926,38.4041271096473,100.664432572484
12589.2541179419,-1.51632781556349,-85.1702128327975,2.0387528875241,38.0308342632496,-1.51634077918136,-85.1702231071268,38.0404731260044,99.3726227754425
13182.5673855643,-1.91361804416655,-85.3866287735548,1.32536207143687,37.6868808488488,-1.91363103293953,-85.3866383030864,37.6722451975077,98.0904218877864
13803.8426460291,-2.31114522820632,-85.5934277044915,0.609802899537441,37.4000970433467,-2.31115823966999,-85.5934365052197,37.2996124353506,96.816618738634
14454.3977074595,-2.70888876493152,-85.7910266732474,-0.107436718098558,37.17093818713,-2.70890179679201,-85.7910347601825,36.9227238515784,95.5499094771172
15135.6124843623,-3.10682982323262,-85.9798259695208,-0.825867332337536,36.9997067129565,-3.10684287335107,-85.9798333566575,36.5417077083594,94.2889101845648
15848.9319246114,-3.50495119460335,-86.1602096247536,-1.5449985477455,36.8865553827297,-3.50496426098099,-86.1602163250448,36.1566710061806,93.0321691668011
16595.8690743759,-3.90323715608331,-86.3325459211334,-2.26433949400201,36.8314894166694,-3.90325023684736,-86.3325519464693,35.7676990891382,91.7781789251378
17378.008287494,-4.3016733443136,-86.4971879055987,-2.98339922540211,36.8343673933241,-4.30168643770381,-86.49719326679,35.3748553505347,90.525387826593
18197.0085861001,-4.70024663988334,-86.6544739051893,-3.70168709979618,36.8949008616646,-4.70025974423911,-86.6544786119542,34.9781810206369,89.2722115230324
19054.6071796328,-5.09894506119188,-86.8047280406569,-4.41871318893154,37.01265267079,-5.09895817494001,-86.8047321016108,34.5776950287316,88.0170441731051
19952.6231496891,-5.49775766709855,-86.9482607357516,-5.13398877132202,37.1870340863432,-5.49777078874153,-86.9482641583995,34.1733939290726,86.7582695434031
20892.9613085407,-5.89667446767809,-87.0853692200419,-5.84702695658341,37.4173008257239,-5.89668759578282,-87.0853720107722,33.7652518897791,85.4942720614282
21877.6162394959,-6.29568634244451,-87.2163380235001,-6.55734348643549,37.7025482061119,-6.2956994756315,-87.216340187581,33.3532207417432,84.2234479064994
22908.6765276781,-6.69478496545024,-87.3414394614255,-7.26445775251127,38.0417056582412,-6.69479810238308,-87.3414410030014,32.9372300930071,82.9442162136171
23988.3291901953,-7.09396273670859,-87.4609341085526,-7.96789406417714,38.4335309142206,-7.09397587608378,-87.4609350306425,32.5171875180285,81.655030457055
25118.8643150962,-7.49321271942762,-87.5750712614493,-8.66718319121338,38.8766042271825,-7.49322585996465,-87.5750715659449,32.0929788299557,80.3543900797956
26302.6799189542,-7.89252858258127,-87.6840893885137,-9.36186419609585,39.3693230220621,-7.8925417230128,-87.684089076179,31.6644684546631,79.0408524021784
27542.2870333821,-8.29190454837879,-87.7882165670665,-10.0514865589383,39.9098974074473,-8.29191768744101,-87.7882156375373,31.2314999230201,77.7130448332629
28840.3150312665,-8.69133534422751,-87.8876709071887,-10.7356125851131,40.4963469958053,-8.6913484806505,-87.8876693589722,30.7938965007827,76.3696773823696
30199.5172040207,-9.09081615881497,-87.9826609620849,-11.413820071513,41.1264994799024,-9.09082929131303,-87.98265879256,30.3514619833478,75.0095554212959
31622.7766016843,-9.49034260196591,-88.0733861248695,-12.0857051926353,41.7979913950307,-9.49035572922784,-88.0733833302876,29.9039816739415,73.6315926378784
33113.1121482597,-9.88991066795692,-88.160037011763,-12.7508855531791,42.5082714566303,-9.88992378863607,-88.1600335872486,29.4512235750876,72.2348240519836
34673.6850452537,-10.2895167019969,-88.2427958317661,-13.4090033398819,43.2546068012724,-10.2895298147011,-88.2427917713185,28.9929398117264,70.8184189512559
36307.8054770107,-10.6891573696055,-88.3218367429456,-14.0597284932231,44.0340923746022,-10.6891704728865,-88.3218320394411,28.5288683103004,69.3816935357797
38018.9396320568,-11.0888296286425,-88.3973261955193,-14.7027618099734,44.8436636055256,-11.0888427209852,-88.3973208407149,28.0587347516062,67.9241230217084
39810.7170553504,-11.4885307037625,-88.4694232619728,-15.3378378813303,45.6801123846761,-11.488543783574,-88.4694172465104,27.582254805051,66.4453529267991
41686.9383470342,-11.8882580630883,-88.538279954474,-15.9647277693259,46.540106232552,-11.8882711286856,-88.5382732678872,27.09913665148,64.9452092002133
43651.5832240173,-12.2880093969109,-88.6040415298821,-16.583241326751,47.420210405009,-12.288022446509,-88.6040341606053,26.6090837919768,63.423706826887
45708.8189614883,-12.6877825982436,-88.6668467826681,-17.1932290733033,48.3169125501325,-12.6877956299425,-88.6668387180482,26.1117981185136,61.8810565589636
47863.0092322647,-13.0875757450698,-88.7268283260821,-17.7945835529471,49.2266494071378,-13.0875887568408,-88.7268195523937,25.6069832303054,60.3176693436173
50118.7233627281,-13.4873870841386,-88.7841128619097,-18.3872401140119,50.145834935883,-13.4874000738102,-88.7841033643749,25.0943479435486,58.7341581180379
52480.7460249782,-13.8872150161742,-88.8388214391754,-18.9711770735619,51.0708891892303,-13.8872279814167,-88.838811201989,24.5736099492587,57.1313365918828
54954.0873857634,-14.2870580823768,-88.8910697021483,-19.5464152499594,51.9982671973557,-14.2870710206866,-88.8910587085085,24.0444995449734,55.5102147569692
57543.9937337167,-14.686914952103,-88.9409681280103,-20.1130168707604,52.9244871249814,-14.6869278607861,-88.9409563601571,23.5067633665219,53.8719908853037
60255.9586074368,-15.0867844116234,-88.9886222545471,-20.6710838861222,53.8461569906415,-15.0867972877778,-88.9886096938091,22.9601680262513,52.2180399194601
63095.7344480204,-15.486665353864,-89.0341328982177,-21.2207557387955,54.7599992987112,-15.4866781943614,-89.0341195250684,22.4045035670139,50.5498982265981
66069.3448007608,-15.8865567690446,-89.0775963629552,-21.7622066599101,55.6628730257457,-15.8865695705118,-89.07758215708,21.8395866293102,48.869244860457
69183.0970918949,-16.2864577361382,-89.1191046400458,-22.2956425737457,56.5517925156058,-16.286470494937,-89.1190895804219,21.2652632386882,47.1778795671572
72443.5960075003,-16.6863674150775,-89.1587455994259,-22.8212977041754,57.4239429653737,-16.6863801272848,-89.1587296644162,20.6814111204367,45.4776979392901
75857.7575029197,-17.0862850396448,-89.1966031727319,-23.339430980126,58.27669231767,-17.0862977010322,-89.1965863401936,20.0879414630432,43.7706642302585
79432.8234724296,-17.4862099109859,-89.2327575284242,-23.8503223373831,59.107599506198,-17.4862225169982,-89.2327397758362,19.4848000701119,42.0587824280014
83176.3771102686,-17.8861413916913,-89.2672852393051,-24.354269009915,59.9144191239159,-17.8861539374264,-89.2672665439131,18.8719678511876,40.3440663265032
87096.3589956096,-18.2860789003983,-89.3002594427355,-24.8515818960604,60.6951026901731,-18.2860913805857,-89.3002397817184,18.2494606340801,38.6285093171881
91201.0839355926,-18.6860219068657,-89.3317499938482,-25.3425820745386,61.4477967818265,-18.6860343158467,-89.3317293445073,17.6173282966423,36.9140546923862
95499.2586021453,-19.0859699274809,-89.3618236120478,-25.82759753296,62.1708383603295,-19.0859822591891,-89.3618019520194,16.9756532445488,35.202567195247
100000.000000002,-19.4859225211615,-89.3905440210741,-26.3069601583932,62.8627476726261,-19.4859347691054,-89.3905213285683,16.3245482781654,33.4958065389986
104712.854805092,-19.8858792856173,-89.4179720828995,-26.7810030262656,63.5222191282876,-19.8858914428637,-89.4179483369659,15.6641539159734,31.7954034917932
109647.819614321,-20.2858398539397,-89.4441659257203,-27.2500580111342,64.1481105618994,-20.2858519131004,-89.4441411065409,14.9946352536607,30.102839045615
114815.36214969,-20.685803891491,-89.4691810662906,-27.714453731326,64.7394312798992,-20.6858158447127,-89.4691551555019,14.3161784497844,28.4194270585092
120226.443461744,-21.0857710930675,-89.4930705268431,-28.1745138291495,65.2953292691161,-21.0857829320248,-89.4930435078854,13.6289869356111,26.7463006225127
125892.541179419,-21.4857411803107,-89.5158849468248,-28.6305555799634,65.8150779128688,-21.4857528962054,-89.5158568053201,12.9332774476802,25.0844022835312
131825.673855643,-21.8857138993476,-89.5376726896743,-29.0828888164256,66.2980625230335,-21.8857254829117,-89.5376434138293,12.2292759794147,23.4344781092717
138038.426460291,-22.2856890186365,-89.5584799448526,-29.5318151492428,66.7437669559762,-22.2857004601437,-89.5584495258848,11.517213740144,21.7970755092009
144543.977074595,-22.6856663270038,-89.5783508253346,-29.9776274620326,67.1517605388,-22.6856776162871,-89.5783192579183,10.7973232027392,20.1725445936397
151356.124843624,-23.0856456318523,-89.5973274607577,-30.4206096557908,67.5216854922257,-23.0856567583311,-89.5972947434838,10.0698343080701,18.5610428088862
158489.319246114,-23.4856267575274,-89.6154500864187,-30.8610366174142,67.8532449988369,-23.4856377102435,-89.6154162222618,9.33497088291674,16.9625425278881
165958.690743759,-23.8856095438273,-89.6327571282988,-31.2991743866436,68.1461920314474,-23.8856203114909,-89.6327221250844,8.59294731554425,15.3768412477596
173780.082874941,-24.285593844643,-89.6492852842929,-31.735280496482,68.4003190267419,-24.2856044156905,-89.6492491551531,7.84396552095342,13.8035740402308
181970.085861002,-24.6855795267194,-89.665069601808,-32.1696044634133,68.6154484640279,-24.6855898893817,-89.6650323656171,7.08821221768536,12.2422278972249
190546.071796328,-25.0855664685243,-89.6801435518937,-32.6023884052277,68.7914243883875,-25.0855766109073,-89.6801052336684,6.32585652753993,10.6921576560424
199526.231496892,-25.4855545592171,-89.6945391000542,-33.0338677660984,68.9281049010726,-25.4855644693933,-89.6944997313065,5.55704790397088,9.15260318300639
208929.613085408,-25.8855436977083,-89.7082867738922,-33.4642721304128,69.0253556277356,-25.8855533638197,-89.70824639292,4.78191438739523,7.62270756492809
218776.16239496,-26.2855337918017,-89.7214157277225,-33.8938261085593,69.083044166309,-26.2855432021728,-89.7213743798227,4.00056118332856,6.10153606821211
229086.765276782,-26.6855247574122,-89.7339538042911,-34.3227502796983,69.1010355107648,-26.6855339006711,-89.7339115418813,3.21306955684861,4.58809566674166
239883.291901954,-27.0855165178515,-89.7459275937277,-34.7512621777866,69.0791884438867,-27.085525383059,-89.7458844763629,2.41949603588832,3.08135498759748
251188.643150963,-27.4855090031783,-89.7573624898549,-35.1795773085811,69.0173528914426,-27.4855175799598,-89.7573185841275,1.61987191806965,1.58026451355068
263026.799189543,-27.8855021496038,-89.7682827439718,-35.6079101860929,68.9153682307398,-27.8855104282841,-89.7682381232861,0.81420307566778,0.0837769522957129
275422.870333822,-28.2854958989509,-89.7787115162247,-36.036475377687,68.7730625484352,-28.2855038706869,-89.7786662604396,0.00247005765789105,-1.40913235915624
288403.150312666,-28.6854901981601,-89.7886709246721,-36.4654885472483,68.5902528449447,-28.6854978550682,-89.7886251196115,-0.815371510951628,-2.89944510028679
301995.172040208,-29.0854849988393,-89.7981820921467,-36.8951674858466,68.3667461854047,-29.0854923341146,-89.7981358289798,-1.63939022868611,-4.38807977945601
316227.766016844,-29.4854802568531,-89.8072651910147,-37.3257331189363,68.1023417994601,-29.4854872648758,-89.807218565514,-2.46967791021516,-5.87587183843073
331131.121482598,-29.8854759319483,-89.8159394859231,-37.7574104784273,67.7968341336651,-29.8854826083749,-89.8158925976135,-3.30634826471712,-7.36355418447376
346736.850452539,-30.2854719874118,-89.8242233746283,-38.1904296269731,67.4500168604778,-30.2854783292477,-89.824176325844,-4.14953525172507,-8.85173833329266
363078.054770109,-30.6854683897596,-89.8321344269896,-38.625026520555,67.0616878463183,-30.68547439541,-89.8320873218614,-4.99939110729516,-10.3408963608051
380189.396320569,-31.0854651084519,-89.839689422211,-39.0614437939326,66.6316550772902,-31.085470777751,-89.8396423656072,-5.85608403540613,-11.8313439134836
398107.170553505,-31.4854621156348,-89.8469043844093,-39.4999314518201,66.1597435345141,-31.4854674498495,-89.8468574808585,-6.71979556370862,-13.3232245545182
416869.383470344,-31.8854593859027,-89.8537946165832,-39.9407474469116,65.645803001164,-31.8854643877142,-89.853747969206,-7.59071756872437,-14.8164957561085
436515.832240175,-32.2854568960839,-89.8603747330559,-40.3841581240216,65.0897167695421,-32.2854615695443,-89.8603284425331,-8.46904898332397,-16.3109168854518
457088.189614884,-32.6854546250429,-89.8666586904592,-40.8304385079542,64.4914111987871,-32.6854589755113,-89.8666128540617,-9.35499220900885,-17.8060395425176
478630.092322648,-33.0854525535016,-89.8726598173243,-41.2798724112444,63.850866051503,-33.0854565875601,-89.872614528028,-10.2487492665633,-19.3012006106697
501187.233627283,-33.4854506638755,-89.8783908423421,-41.7327523369001,63.1681255107994,-33.4854543892285,-89.8783461880457,-11.1505177306627,-20.7955183755371
524807.460249784,-33.8854489401244,-89.8838639213527,-42.1893791508362,62.443309747865,-33.8854523654848,-89.8838199842145,-12.0604865065826,-22.2878920372914
549540.873857636,-34.2854473676164,-89.8890906631218,-42.6500614991182,61.6766268747722,-34.285450502582,-89.8890475190225,-12.9788315193049,-23.7770048774922
575439.937337169,-34.6854459330036,-89.8940821539567,-43.1151149464658,60.8683850782362,-34.6854487879268,-89.894039872095,-13.9057113962653,-25.2613312852752
602559.586074371,-35.0854446241088,-89.8988489812164,-43.5848608153229,60.0190046889606,-35.0854472099643,-89.8988076238363,-14.841263233904,-26.739147738323
630957.344480207,-35.4854434298225,-89.9034012557632,-44.0596247087243,59.1290298991719,-35.4854457580747,-89.9033608780083,-15.7855985440358,-28.2085477344634
660693.44800761,-35.885442340008,-89.9077486334054,-44.539734706188,58.1991398005566,-35.8854444224831,-89.9077092832926,-16.7387994781683,-29.6674605388643
691830.970918951,-36.2854413454162,-89.9119003353747,-45.0255192291609,57.2301583781372,-36.2854431941793,-89.9118620538766,-17.7009154256703,-31.1136734863195
724435.960075006,-36.6854404376064,-89.9158651678832,-45.5173045819658,56.2230630660975,-36.6854420648475,-89.9158279891051,-18.6719600747565,-32.544857449642
758577.5750292,-37.0854396088752,-89.9196515408002,-46.0154121849619,55.1789914520879,-37.0854410268047,-89.9196154922391,-19.6519090137306,-33.9585949656175
794328.234724299,-37.4854388521913,-89.9232674854893,-46.5201555289731,54.0992457107692,-37.4854400729461,-89.923232588358,-20.6406979341784,-35.3524104131143
831763.771102689,-37.8854381611354,-89.9267206718427,-47.0318368933471,52.9852943583304,-37.885439196697,-89.9266869414461,-21.638221478581,-36.7238015614718
870963.5899561,-38.2854375298462,-89.9300184245496,-47.5507438837457,51.8387709502391,-38.2854383919701,-89.9299858706981,-22.6443327532832,-38.0702717649306
912010.83935593,-38.6854369529709,-89.933167738633,-48.0771458591665,50.6614693963052,-38.6854376531273,-89.9331363660795,-23.6588435050964,-39.3893620712675
954992.586021457,-39.0854364256196,-89.9361752942873,-48.6112903302494,49.4553356412218,-39.0854369749462,-89.9361451031764,-24.6815249376097,-40.6786825373534
1000000.00000002,-39.4854359433245,-89.9390474710489,-49.153399421158,48.2224555537863,-39.4854363525886,-89.9390184573683,-25.7121091227914,-41.9359421084359
1047128.54805092,-39.8854355020015,-89.9417903613293,-49.7036664949968,46.9650389819748,-39.885435781573,-89.9417625173532,-26.75029094603,-43.1589765038788
1096478.19614321,-40.2854350979165,-89.9444097833395,-50.2622530464883,45.6854000591177,-40.285435257749,-89.9443830980583,-27.7957305093349,-44.3457736666608
1148153.62149691,-40.685434727654,-89.9469112934338,-50.8292859651935,44.3859339830113,-40.6854347772737,-89.9468857529625,-28.848055908713,-45.4944964603318
1202264.43461744,-41.085434388088,-89.949300197898,-51.4048552674042,43.06909062739,-41.0854343365901,-89.9492757858604,-29.9068662978854,-46.6035024269431
1258925.4117942,-41.4854340763565,-89.9515815642074,-51.9890123848309,41.7373454757319,-41.4854339324067,-89.9515582620918,-30.9717351517208,-47.6713605534207
1318256.73855644,-41.8854337898375,-89.9537602317797,-52.5817690838564,40.3931684829072,-41.885433561679,-89.9537380192639,-32.0422136482656,-48.6968651102955
1380384.26460292,-42.2854335261273,-89.9558408222434,-53.1830970708389,39.038991562984,-42.2854332215916,-89.9558196774883,-33.1178340976116,-49.6790467297651
1445439.77074596,-42.6854332830212,-89.957827749245,-53.792928317919,37.6771754658771,-42.6854329095418,-89.9578076491565,-34.1981133580946,-50.6171809719975
1513561.24843624,-43.0854330584954,-89.959725227816,-54.4111561210354,36.3099768372193,-43.0854326231241,-89.959706148274,-35.2825561945397,-51.5107946846456
1584893.19246115,-43.4854328506906,-89.9615372833179,-55.0376368788159,34.9395162536106,-43.4854323601156,-89.9615191993746,-36.3706585483534,-52.3596704899385
1659586.9074376,-43.8854326578978,-89.9632677599857,-55.6721925589964,33.5677479903042,-43.8854321184624,-89.9632506460337,-37.4619107044944,-53.163849743076
1737800.82874942,-44.2854324785447,-89.9649203290871,-56.3146137991904,32.1964322141002,-44.2854318962667,-89.9649041589989,-38.555800354616,-53.9236342819215
1819700.85861003,-44.685432311184,-89.9664984967154,-56.9646635721325,30.8271102062397,-44.6854316917744,-89.9664832439556,-39.6518155685011,-54.6395872536476
1905460.71796329,-45.0854321544826,-89.968005611231,-57.6220813326219,29.4610831156091,-45.0854315033644,-89.9679912489441,-40.7494476965032,-55.3125332440151
1995262.31496893,-45.4854320072119,-89.9694448703691,-58.2865875544536,28.0993946286535,-45.4854313295377,-89.9694313714441,-41.8481942338239,-55.9435578653929
2089296.13085409,-45.8854318682396,-89.9708193280268,-58.9578885608211,26.7428178270593,-45.8854311689072,-89.9708066651418,-42.947561682513,-56.5340068780162
2187761.6239496,-46.2854317365221,-89.9721319007449,-59.6356815500883,25.3918463925378,-46.2854310201888,-89.9721200463933,-44.04706844918,-57.0854848332679
2290867.65276783,-46.6854316110978,-89.9733853738973,-60.3196597205868,24.0466902161358,-46.6854308821928,-89.9733743003997,-45.146247815163,-57.5998531397308
2398832.91901955,-47.0854314910817,-89.974582407601,-61.009517401671,22.7072753787974,-47.0854307538158,-89.9745720871042,-46.2446510115055,-58.0792273673894
2511886.43150964,-47.4854313756601,-89.9757255423597,-61.7049551034937,21.3732483923809,-47.485430634033,-89.9757159468267,-47.3418504235325,-58.5259735291113
2630267.99189544,-47.8854312640865,-89.9768172044508,-62.4056844038932,20.0439845247031,-47.885430521892,-89.976808305645,-48.4374429394323,-58.9427030106177
2754228.70333823,-48.2854311556782,-89.97785971107,-63.1114325968365,18.7185999761157,-48.2854304165059,-89.9778514805365,-49.5310534442115,-59.3322657721602
2884031.50312667,-48.6854310498128,-89.9788552752405,-63.8219470330772,17.3959676262221,-48.6854303170479,-89.9788476842888,-50.6223384453506,-59.6977414125974
3019951.72040209,-49.0854309459259,-89.9798060105004,-64.5369990895432,16.0747360234975,-49.0854302227462,-89.9797990301911,-51.7109897999059,-60.0424276808353
3162277.66016845,-49.4854308435086,-89.9807139353762,-65.2563877101794,14.7533512461321,-49.4854301328788,-89.9807075365157,-52.7967384955895,-60.3698260375872
3311311.21482599,-49.8854307421058,-89.9815809776515,-65.9799424674563,13.4300812165793,-49.8854300467699,-89.9815751307988,-53.8793584212846,-60.6836239161056
3467368.5045254,-50.2854306413137,-89.9824089784424,-66.7075261013133,12.1030420056137,-50.2854299637858,-89.9824036539299,-54.9586700465776,-60.9876734062677
3630780.5477011,-50.6854305407782,-89.9831996960853,-67.4390365013355,10.7702256153453,-50.6854298833317,-89.9831948640575,-56.0345439162813,-61.2859661865301
3801893.9632057,-51.0854304401929,-89.9839548098479,-68.1744081089291,9.42952868780172,-51.0854298048495,-89.9839504403203,-57.1069038554878,-61.5826046528431
3981071.70553507,-51.4854303392967,-89.9846759234713,-68.9136127293151,8.07878155097134,-51.4854297278146,-89.9846719864105,-58.1757297745771,-61.8817693380007
4168693.83470346,-51.8854302378715,-89.9853645685507,-69.6566597584244,6.71577699362934,-51.8854296517352,-89.9853610339772,-59.2410599622643,-62.1876828701545
4365158.32240177,-52.2854301357392,-89.9860222077628,-70.4035958466784,5.33829815904655,-52.2854295761498,-89.9860190458763,-60.3029927590137,-62.5045708794558
4570881.89614886,-52.6854300327585,-89.9866502379488,-71.1545040396351,3.94414497169444,-52.6854295006274,-89.986647419274,-61.3616875128758,-62.8366204167873
4786300.9232265,-53.0854299288212,-89.9872499930584,-71.9095024532954,2.53115856333237,-53.0854294247659,-89.9872474886099,-62.4173647348922,-63.1879365916217
5011872.33627285,-53.4854298238484,-89.9878227469633,-72.6687425585043,1.09724324735042,-53.4854293481926,-89.9878205284253,-63.4703053912706,-63.5624982543488
5248074.60249786,-53.8854297177862,-89.9883697161475,-73.4324071627043,-0.359614298992485,-53.8854292705641,-89.9883677560634,-64.5208492933577,-63.9641136404136
5495408.73857638,-54.2854296106008,-89.9888920622789,-74.2007081871619,-1.84132885013822,-54.2854291915668,-89.9888903342458,-65.5693925732021,-64.396376948439
5754399.37337171,-54.6854295022746,-89.9893908946707,-74.9738843426531,-3.34970349941345,-54.6854291109172,-89.9893893735309,-66.6163842607168,-64.8626268424541
6025595.86074373,-55.0854293928014,-89.9898672726356,-75.7521988054387,-4.88641947362532,-55.0854290283628,-89.9898659346595,-67.6623220068405,-65.3659078471478
6309573.44480209,-55.4854292821818,-89.9903222077403,-76.5359369884427,-6.45302863535633,-55.4854289436832,-89.9903210307923,-68.7077470243445,-65.9089355447246
6606934.48007612,-55.88542917042,-89.9907566659629,-77.3254044896163,-8.05094827301815,-55.8854288566901,-89.990755629644,-69.7532383428571,-66.4940663882855
6918309.70918954,-56.2854290575202,-89.991171569759,-78.1209252816054,-9.68145766307748,-56.2854287672288,-89.9911706555185,-70.799406496275,-67.1232728210511
7244359.60075008,-56.6854289434841,-89.9915678000376,-78.922840185181,-11.3456958051881,-56.6854286751781,-89.9915669912502,-71.8468867782412,-67.7981242408854
7585775.75029203,-57.0854288283091,-89.9919461980535,-79.7315056446507,-13.0446596862578,-57.0854285804506,-89.9919454800557,-72.8963322142215,-68.5197741807625
7943282.34724302,-57.4854287119877,-89.992307567215,-80.5472927986356,-14.7792024238206,-57.4854284829927,-89.9923069273002,-73.9484064064843,-69.2889538933165
8317637.71102692,-57.8854285945077,-89.9926526748129,-81.3705868152974,-16.5500306738864,-57.8854283827842,-89.9926521021828,-75.0037764107908,-70.1059723397762
8709635.89956103,-58.2854284758529,-89.9929822536709,-82.2017864390695,-18.3577007587925,-58.2854282798373,-89.9929817393456,-76.0631058007683,-70.9707223938227
9120108.39355933,-58.6854283560056,-89.9932970037195,-83.0413036771805,-20.2026130716209,-58.6854281741955,-89.9932965404098,-77.1270480676618,-71.8826928884333
9549925.8602146,-59.0854282349489,-89.9935975934977,-83.8895635395697,-22.0850044390653,-59.0854280659317,-89.9935971754429,-78.1962404898001,-72.8409859622666
10000000.0000003,-59.4854281126706,-89.9938846615812,-84.7470037358594,-24.004938265703,-59.4854279551472,-89.9938842843617,-79.2712985877469,-73.8443390099355
10471285.4805093,-59.8854279891665,-89.9941588179424,-85.6140742279041,-25.9622924335587,-59.8854278419687,-89.9941584782719,-80.3528112584039,-74.8911504129703
10964781.9614321,-60.2854278644452,-89.9944206452422,-86.4912365361055,-27.9567450841216,-60.2854277265468,-89.9944203407513,-81.4413366548661,-75.979508132547
11481536.2149691,-60.6854277385319,-89.9946707000578,-87.3789627021306,-29.9877585589986,-60.6854276090536,-89.9946704290748,-82.5373988496414,-77.1072201853068
12022644.3461744,-61.0854276114725,-89.9949095140471,-88.277733819234,-32.0545619168177,-61.0854274896806,-89.9949092753878,-83.6414852880065,-78.2718460059216
12589254.117942,-61.4854274833373,-89.995137595055,-89.188038054019,-34.1561325713047,-61.4854273686366,-89.9951373878271,-84.7540450072808,-79.4707277257743
13182567.3855644,-61.8854273542241,-89.9953554281624,-90.1103680994542,-36.2911777072802,-61.8854272461462,-89.9953552515928,-85.8754875680424,-80.7010204674064
13803842.6460292,-62.2854272242604,-89.9955634766825,-91.0452180180498,-38.4581162225991,-62.2854271224477,-89.9955633299732,-87.0061826164475,-81.9597208672361
14454397.7074597,-62.6854270936046,-89.9957621831074,-91.9930794556831,-40.6550620133991,-62.6854269977923,-89.995762065322,-88.1464599742773,-83.2436931898095
15135612.4843625,-63.0854269624466,-89.995951970008,-92.9544372301882,-42.8798094643056,-63.0854268724424,-89.9959518799927,-89.2966101364524,-84.5496925786132
15848931.9246116,-63.4854268310068,-89.9961332408915,-93.9297643239411,-45.1298220218759,-63.4854267466707,-89.9961331772287,-90.4568850455816,-85.8743851922801
16595869.074376,-63.8854266995343,-89.9963063810193,-94.9195163356114,-47.402224717328,-63.8854266207589,-89.9963063420125,-91.6274990103393,-87.2143651900755
17378008.2874942,-64.2854265683038,-89.9964717581892,-95.9241254723344,-49.6938014610145,-64.2854264949965,-89.9964717418759,-92.8086296393708,-88.5661687459329
18197008.5861003,-64.685426437612,-89.9966297234842,-96.9439941889656,-52.0009978561882,-64.6854263696797,-89.9966297276712,-94.0004186749581,-89.9262854735172
19054607.179633,-65.0854263077725,-89.996780611992,-97.9794886049714,-54.3199301728429,-65.0854262451091,-89.9967806343084,-95.2029726302773,-91.2911678255055
19952623.1496893,-65.485426179111,-89.9969247434966,-99.0309318510099,-56.6464009851581,-65.4854261215883,-89.9969247814576,-96.4163631599334,-92.6572391778029
20892961.308541,-65.885426051959,-89.997062423145,-100.098597515532,-58.9759218106153,-65.8854259994211,-89.9970624742215,-97.6406271243929,-94.0209014146267
21877616.2394961,-66.2854259266484,-89.9971939420897,-101.182703375853,-61.3037428988415,-66.2854258789088,-89.9971940037779,-98.8757663435023,-95.3785428869987
22908676.5276783,-66.6854258035051,-89.9973195781102,-102.283405607645,-63.624890107667,-66.6854257603473,-89.9973196479963,-100.121747070922,-96.7265476188802
23988329.1901956,-67.0854256828439,-89.9974395962125,-103.400793670878,-65.9342085783608,-67.0854256440238,-89.9974396720292,-101.378499258162,-98.0613065798845
25118864.3150965,-67.4854255649628,-89.9975542492082,-104.534886068675,-68.2264126875023,-67.4854255302131,-89.9975543288804,-102.645915712206,-99.3792317293132
26302679.9189545,-67.8854254501385,-89.9976637782741,-105.685627167997,-70.4961415145055,-67.8854254191745,-89.997663859952,-103.923851282432,-100.67677336576
27542287.0333824,-68.2854253386223,-89.997768413491,-106.852885257531,-72.7380188285808,-68.2854253111484,-89.9977684955711,-105.212122238855,-101.950441092334
28840315.0312668,-68.6854252306374,-89.9978683743629,-108.036451998489,-74.9467163712728,-68.6854252063531,-89.9978684554964,-106.51050602267,-103.196828437667
30199517.204021,-69.085425126376,-89.9979638703166,-109.236043398467,-77.117018997225,-69.0854251049825,-89.9979639494071,-107.818741560039,-104.412640865433
31622776.6016847,-69.485425025998,-89.9980551011803,-110.451302407024,-79.2438900412076,-69.4854250072037,-89.9980551773724,-109.136530329501,-105.594726572629
33113112.14826,-69.8854249296304,-89.9981422576421,-111.681803194493,-81.3225351098091,-69.8854249131555,-89.9981423303034,-110.463538361095,-106.740109134263
34673685.0452541,-70.285424837367,-89.9982255216894,-112.92705713277,-83.3484623575833,-70.2854248229475,-89.9982255903865,-111.799399320642,-107.846020715474
36307805.4770111,-70.6854247492695,-89.9983050670266,-114.186520448993,-85.3175372072131,-70.6854247366597,-89.9983051314993,-113.143718795391,-108.909934261496
38018939.6320572,-71.0854246653684,-89.9983810594741,-115.459603470339,-87.2260294191227,-71.085424654343,-89.9983811196076,-114.496079847967,-109.929592810036
39810717.0553508,-71.4854245856649,-89.9984536573475,-116.745681321805,-89.0706504171562,-71.4854245760195,-89.9984537131453,-115.856049845603,-110.903033870443
41686938.3470347,-71.8854245101329,-89.9985230118175,-118.044105879891,-90.8485788415747,-71.8854245016845,-89.998523063376,-117.223188503093,-111.828606697191
43651583.2240178,-72.2854244387217,-89.9985892672521,-119.354218725529,-92.5574724368159,-72.2854244313079,-89.9985893147369,-118.597057003891,-112.704980266759
45708818.9614888,-72.6854243713582,-89.9986525615401,-120.675364781858,-94.1954645927344,-72.6854243648364,-89.9986526051656,-119.977227987957,-113.531139856629
47863009.2322652,-73.08542430795,-89.9987130263982,-122.006906269264,-95.7611441449266,-73.0854243021957,-89.9987130664103,-121.363296121643,-114.30637032418
50118723.3627286,-73.4854242483876,-89.9987707876616,-123.348236564677,-97.2535173938966,-73.4854242432933,-89.9987708243234,-122.75488889853,-115.030224484848
52480746.0249787,-73.8854241925477,-89.9988259655595,-124.698793517086,-98.6719517095194,-73.8854241880209,-89.9988259991394,-124.151677264665,-115.702475374643
54954087.385764,-74.2854241402956,-89.9988786749749,-126.058071748775,-100.016100522442,-74.285424136257,-89.9988787057385,-125.553385620122,-116.323051624672
57543993.7337173,-74.6854240914874,-89.9989290256921,-127.425633462297,-101.285809936792,-74.6854240878697,-89.9989290538954,-126.9598007226,-116.891955638326
60255958.6074375,-75.0854240459727,-89.9989771226298,-128.801117275472,-102.481007594425,-75.0854240427186,-89.9989771485149,-128.370779006892,-117.409164704852
63095734.4480211,-75.4854240035966,-89.9990230660629,-130.184244616677,-103.601574745324,-75.4854240006576,-89.9990230898554,-129.786251832873,-117.874515566268
66069344.8007615,-75.8854239642018,-89.9990669518323,-131.574823223935,-104.647202705096,-75.8854239615367,-89.9990669737397,-131.206228177516,-118.287573245433
69183097.0918956,-76.2854239276301,-89.9991088715442,-132.972747294329,-105.617234994986,-76.2854239252041,-89.9991088917554,-132.630794283865,-118.647485123828
72443596.0075011,-76.685423893724,-89.9991489127596,-134.377993813468,-106.510496471417,-76.6854238915075,-89.9991489314452,-134.060109759704,-118.952821332885
75857757.5029206,-77.085423862328,-89.9991871591737,-135.79061454433,-107.325110697903,-77.085423860296,-89.9991871764867,-135.494399566872,-119.201402527678
79432823.4724305,-77.48542383329,-89.9992236907871,-137.210723055908,-108.058306768328,-77.4854238314211,-89.9992237068642,-136.933941243326,-119.390116120648
83176377.1102695,-77.8854238064619,-89.999258584069,-138.6384760093,-108.706216881472,-77.8854238047376,-89.9992585990314,-138.379046538395,-119.514722189505
87096358.9956106,-78.2854237817002,-89.9992919121115,-140.074047677922,-109.263666380387,-78.2854237801049,-89.9992919260669,-139.830036402484,-119.56965072604
91201083.9355936,-78.6854237588671,-89.9993237447785,-141.517596347691,-109.723958980748,-78.6854237573873,-89.9993237578221,-141.287207943883,-119.547792935692
95499258.6021464,-79.0854237378306,-89.9993541488461,-142.969220818331,-110.078661910964,-79.0854237364544,-89.999354161062,-142.750791542992,-119.44029132366
100000000.000003,-79.4854237184648,-89.9993831881377,-144.428904718895,-110.317399223632,-79.4854237171819,-89.9993831996,-144.220895808649,-119.236336863607
104712854.805093,-79.8854237006501,-89.9994109236523,-145.896445799933,-110.427667370663,-79.8854236994516,-89.9994109344268,-145.697437513027,-118.922987397968
109647819.614322,-80.2854236842735,-89.9994374136882,-147.371366868175,-110.394696260903,-80.2854236831514,-89.9994374238328,-147.180053147488,-118.485030563799
114815362.149692,-80.6854236692283,-89.9994627139602,-148.852804783889,-110.201392655059,-80.6854236681755,-89.9994627235262,-148.667988498599,-117.9049281907
120226443.461745,-81.0854236554141,-89.999486877712,-150.339374309592,-109.828422145792,-81.0854236544244,-89.999486886745,-150.159963014832,-117.162898526008
125892541.17942,-81.4854236427369,-89.9995099558243,-151.829005202259,-109.254511870069,-81.4854236418047,-89.9995099643649,-151.654007340932,-116.237218555458
131825673.855645,-81.8854236311088,-89.9995319969179,-153.318754748986,-108.457087559488,-81.8854236302291,-89.999532005002,-153.147276208094,-115.10486015793
138038426.460293,-82.2854236204476,-89.9995530474518,-154.804605301274,-107.413390640184,-82.2854236196158,-89.9995530551117,-154.635846227021,-113.742605947717
144543977.074597,-82.6854236106768,-89.9995731518183,-156.281268767783,-106.102241343169,-82.6854236098889,-89.999573159083,-156.114520539609,-112.128810911847
151356124.843625,-83.0854236017253,-89.9995923524331,-157.742038378864,-104.506597692115,-83.0854236009777,-89.9995923593284,-157.57668064266,-110.245959856457
158489319.246116,-83.4854235935271,-89.9996106898221,-159.178750928259,-102.616969161701,-83.4854235928164,-89.9996106963715,-159.014248593323,-108.084079596997
165958690.743761,-83.885423586021,-89.9996282027041,-160.581943654781,-100.435532353666,-83.8854235853442,-89.9996282089286,-160.417843767478,-105.64485337022
173780082.874943,-84.2854235791506,-89.9996449280703,-161.941294761515,-97.9804403180483,-84.2854235785049,-89.9996449339893,-161.777223180551,-102.945929209605
181970085.861004,-84.6854235728634,-89.9996609012605,-163.246404468081,-95.2893696191922,-84.6854235722463,-89.9996609068912,-163.082062281357,-100.02446647674
190546071.796331,-85.0854235671112,-89.9996761560355,-164.487887445062,-92.4209966521819,-85.0854235665205,-89.9996761613939,-164.323047085191,-96.9386121220597
199526231.496894,-85.4854235618495,-89.9996907246469,-165.65861560623,-89.4531443131951,-85.485423561283,-89.9996907297475,-165.493116640217,-93.7656478192025
208929613.08541,-85.8854235570373,-89.999704637904,-166.754824569478,-86.4770468592136,-85.8854235564931,-89.9997046427601,-166.588569156686,-90.5962558215334
218776162.394962,-86.2854235526368,-89.9997179252371,-167.776760919916,-83.5884551140223,-86.2854235521132,-89.999717929861,-167.60970895032,-87.5256256847899
229086765.276784,-86.6854235486134,-89.9997306147591,-168.728656982726,-80.8775729081604,-86.6854235481087,-89.9997306191621,-168.560820923838,-84.6433927073841
239883291.901956,-87.0854235449351,-89.9997427333236,-169.618041625852,-78.4203258562284,-87.0854235444477,-89.9997427375161,-169.449481120876,-82.0249091364914
251188643.150966,-87.4854235415725,-89.9997543065806,-170.454612692028,-76.2728806272603,-87.4854235411013,-89.9997543105723,-170.285428963377,-79.7257662259859
263026799.189546,-87.8854235384989,-89.9997653590305,-171.248995731131,-74.4700380445834,-87.8854235380424,-89.9997653628304,-171.079325852227,-77.7801904036184
275422870.333825,-88.2854235356895,-89.9997759140748,-172.011668573847,-73.0268759793798,-88.2854235352466,-89.9997759176913,-171.841679678177,-76.202689427638
288403150.31267,-88.6854235331216,-89.9997859940653,-172.752202597496,-71.9423610115061,-88.6854235326913,-89.9997859975062,-172.582086097306,-74.9916674213843
301995172.040211,-89.0854235307744,-89.9997956203505,-173.478841803374,-71.2036376979958,-89.0854235303557,-89.999795623623,-173.308807691532,-74.1337175430876
316227766.016848,-89.485423528629,-89.9998048133205,-174.198358835071,-70.790073069815,-89.4854235282208,-89.9998048164317,-174.02863014276,-73.6076698320431
331131121.482601,-89.8854235266678,-89.9998135924502,-174.91609835029,-70.6765794362299,-89.8854235262694,-89.9998135954063,-174.746905830629,-73.3879172360832
346736850.452542,-90.2854235248749,-89.9998219763392,-175.636124828256,-70.8360845026948,-90.2854235244855,-89.9998219791463,-175.467701931925,-73.446888757216
363078054.770113,-90.6854235232355,-89.999829982752,-176.361413402149,-71.2412193543649,-90.6854235228543,-89.9998299854158,-176.19399160581,-73.7567402042405
380189396.320573,-91.0854235217363,-89.9998376286543,-177.094045049113,-71.8653789901905,-91.0854235213627,-89.9998376311802,-176.927849590897,-74.290417179839
398107170.55351,-91.4854235203648,-89.9998449302495,-177.835385437993,-72.6833223509455,-91.4854235199981,-89.9998449326425,-177.670631506687,-75.0222571945464
416869383.470349,-91.8854235191099,-89.9998519030124,-178.586238761557,-73.6714568764247,-91.8854235187496,-89.9998519052773,-178.423128177347,-75.9282758991957
436515832.24018,-92.2854235179611,-89.999858561722,-179.346974950871,-74.8079200610294,-92.2854235176066,-89.9998585638632,-179.185693365686,-76.9862498700063
457088189.61489,-92.685423516909,-89.9998649204923,-180.117632292285,-76.072539071245,-92.6854235165597,-89.9998649225141,-179.95834692703,-78.1756769851467
478630092.322654,-93.0854235159449,-89.9998709928027,-180.897998961331,-77.4467237671938,-93.0854235156004,-89.9998709947091,-180.740856885863,-79.4776697221485
501187233.627288,-93.4854235150607,-89.9998767915258,-181.687677295435,-78.9133291953529,-93.4854235147205,-89.9998767933206,-181.532804245305,-80.8748174438874
524807460.249789,-93.8854235142491,-89.9998823289548,-182.486134347029,-80.456509974256,-93.8854235139128,-89.9998823306416,-182.333634059248,-82.351040109964
549540873.857642,-94.2854235135033,-89.9998876168299,-183.292741738822,-82.0615797219428,-94.2854235131706,-89.999887618412,-183.142695777674,-83.8914465918535
575439937.337175,-94.6854235128171,-89.9998926663622,-184.106807270204,-83.7148825758142,-94.6854235124877,-89.9998926678428,-183.959275303932,-85.4822046858386
602559586.074377,-95.0854235121849,-89.9998974882583,-184.927600188717,-85.4036799639925,-95.0854235118583,-89.9998974896403,-184.782620669214,-87.11042603846
630957344.480214,-95.4854235116013,-89.9999020927424,-185.754371580251,-87.1160533828379,-95.4854235112772,-89.9999020940286,-185.611962771143,-88.7640668042279
660693448.007617,-95.8854235110614,-89.999906489578,-186.586370955659,-88.8408225084575,-95.8854235107395,-89.999906490771,-186.446532249574,-90.4318434349722
691830970.918959,-96.2854235105608,-89.9999106880887,-187.422859815703,-90.5674771731465,-96.2854235102408,-89.9999106891909,-187.285573279293,-92.103162206052
724435960.075014,-96.6854235100951,-89.9999146971778,-188.263122751395,-92.2861213387895,-96.6854235097769,-89.9999146981915,-188.128354836741,-93.7680606848124
758577575.029208,-97.0854235096607,-89.9999185253473,-189.106476471639,-93.9874270469036,-97.0854235093437,-89.9999185262745,-188.974179834911,-95.4171591900222
794328234.724307,-97.4854235092536,-89.9999221807157,-189.952277033753,-95.6625963223655,-97.4854235089379,-89.9999221815584,-189.82239240604,-97.0416202811801
831763771.102698,-97.8854235088707,-89.9999256710352,-190.799925474739,-97.3033290939267,-97.8854235085558,-89.9999256717952,-190.672383535585,-98.6331143932628
870963589.956109,-98.2854235085086,-89.9999290037085,-191.64887199319,-98.9017953316675,-98.2854235081944,-89.9999290043874,-191.523595203955,-100.183789858756
912010839.35594,-98.6854235081643,-89.9999321858039,-192.498618805408,-100.450609766151,-98.6854235078505,-89.9999321864031,-192.375523166854,-101.686245712077
954992586.021467,-99.0854235078349,-89.9999352240707,-193.348721787989,-101.942807731376,-99.0854235075213,-89.9999352245917,-193.227718493959,-103.133505837756
1000000000.0,-99.4854235075175,-89.9999381249534,-194.198791016979,-103.371820854032,-99.4854235072038,-89.9999381253973,-194.079787983319,-104.518993193592
